[HEADER],,,,,,
Date,4/12/19,,,,,
Run_name,scrna_run,,,,,
Library_Prep,cel-seq2,,,,,
Basename,dnpf,,,,,
Fastq_Read1,/pipeline/merged.read1.fastq.gz,,,,,
Fastq_Read2,/pipeline/merged.read2.fastq.gz,,,,,
Ref_genome,/pipeline/ref_genome.fa,,,,,
Annotation,/pipeline/ref_annotation.gtf,,,,,
,,,,,,
[ZUMI],,,,,,
bc_filter_num_bases,1,,,,,
bc_filter_phred,20,,,,,
bc_ham_dist,1,,,,,
umi_filter_num_bases,2,,,,,
umi_filter_phred,20,,,,,
umi_ham_dist,1,,,,,
zum_start_stage,Filtering,,,,,
,,,,,,
[DIFF_EXP],,,,,,
test_group,13,,,,,
control_group,24,,,,,
,,,,,,
[ADAPTERS],,,,,,
Adapter,TGGAATTCTCGG,GATCGTCGGACT,,,,
,,,,,,
[DATA],,,,,,
cell_id,sample_name,barcode_index,barcode_sequence,condition,gfp_state,experiment_group
1,fed-gfp-1R(f1.1),cel-4,AGCTTC,fed,pos,1
2,fed-gfp-1L(f1.2),cel-5,CATGAG,fed,pos,1
3,fed-neg-1R(f1.3),cel9,CAGATC,fed,neg,2
4,fed-neg-1L(f1.4),cel-10,TCACAG,fed,neg,2
5,fed-gfp-2R(f2.1),cel-23,GTCTAG,fed,pos,1
6,fed-gfp-2L(f2.2),cel-25,GTTGCA,fed,pos,1
7,fed-neg-2R(f2.3),cel-26,GTGACA,fed,neg,2
8,fed-neg-2L(f2.4),cel-31,ACTCGA,fed,neg,2
9,sta-gfp-1R(S1.1),cel-46,TGCAGA,starve,pos,3
10,sta-gfp-1L(S1.2),cel-6,CATGCA,starve,pos,3
11,sta-neg-1R(S1.3),cel-14,TCCTAG,starve,neg,4
12,sta-neg-1L(S1.4),cel-20,GTACAG,starve,neg,4
13,sta-gfp-2R(S2.1),cel-28,ACAGTG,starve,pos,3
14,sta-gfp-2L(S2.2),cel-35,CTAGAC,starve,pos,3
15,sta-neg-1R(S2.3),cel-43,TGAGAC,starve,neg,4
16,sta-neg-1L(S2.4),cel-2,AGCTAG,starve,neg,4
